Trafikkregistreringspunkt;Navn;Vegreferanse;Fra;Til;År;Måned;Trafikkmengde;Konfidensintervall start;Konfidensintervall slutt;Dekningsgrad (%);Antall døgn total;Antall døgn inkludert;Antall døgn ugyldig;Ikke gyldig lengde;Lengdekvalitetsgrad (%);Felt;< 5,6m;>= 5,6m;5,6m - 7,6m;7,6m - 12,5m;12,5m - 16,0m;>= 16,0m;16,0m - 24,0m;>= 24,0m
01057V1109432;Hansine Hansens veg;KV12650 S2D1 m20;2023-01-01T00:00+01:00;2023-02-01T00:00+01:00;2023;1;1385;1173;1597;100,0;31;31;0;12;99,1;1;1011;362;59;35;205;62;59;3
01057V1109432;Hansine Hansens veg;KV12650 S2D1 m20;2023-01-01T00:00+01:00;2023-02-01T00:00+01:00;2023;1;1496;1261;1731;100,0;31;31;0;8;99,5;2;1120;368;31;56;235;46;44;2
01057V1109432;Hansine Hansens veg;KV12650 S2D1 m20;2023-01-01T00:00+01:00;2023-02-01T00:00+01:00;2023;1;1497;1262;1732;100,0;31;31;0;9;99,4;Totalt i retning UNN;1120;368;31;56;235;46;44;2
01057V1109432;Hansine Hansens veg;KV12650 S2D1 m20;2023-01-01T00:00+01:00;2023-02-01T00:00+01:00;2023;1;1384;1172;1596;100,0;31;31;0;12;99,1;Totalt i retning Planetariet;1011;361;59;35;205;62;59;3
01057V1109432;Hansine Hansens veg;KV12650 S2D1 m20;2023-01-01T00:00+01:00;2023-02-01T00:00+01:00;2023;1;2881;2434;3328;100,0;31;31;0;21;99,3;Totalt;2131;729;90;91;440;107;103;4
01057V1109432;Hansine Hansens veg;KV12650 S2D1 m20;2023-02-01T00:00+01:00;2023-03-01T00:00+01:00;2023;2;1485;1260;1710;100,0;28;28;0;12;99,2;1;1101;372;66;35;218;52;51;1
01057V1109432;Hansine Hansens veg;KV12650 S2D1 m20;2023-02-01T00:00+01:00;2023-03-01T00:00+01:00;2023;2;1583;1335;1831;100,0;28;28;0;11;99,3;2;1196;376;35;47;245;50;48;2
01057V1109432;Hansine Hansens veg;KV12650 S2D1 m20;2023-02-01T00:00+01:00;2023-03-01T00:00+01:00;2023;2;1584;1336;1832;100,0;28;28;0;11;99,3;Totalt i retning UNN;1196;377;35;47;245;50;48;2
01057V1109432;Hansine Hansens veg;KV12650 S2D1 m20;2023-02-01T00:00+01:00;2023-03-01T00:00+01:00;2023;2;1484;1259;1709;100,0;28;28;0;12;99,2;Totalt i retning Planetariet;1101;371;66;35;218;52;51;1
01057V1109432;Hansine Hansens veg;KV12650 S2D1 m20;2023-02-01T00:00+01:00;2023-03-01T00:00+01:00;2023;2;3068;2596;3540;100,0;28;28;0;23;99,3;Totalt;2297;748;100;82;464;102;99;3
01057V1109432;Hansine Hansens veg;KV12650 S2D1 m20;2023-03-01T00:00+01:00;2023-04-01T00:00+02:00;2023;3;1454;1243;1665;100,0;31;31;0;9;99,4;1;1071;374;52;53;228;42;41;1
01057V1109432;Hansine Hansens veg;KV12650 S2D1 m20;2023-03-01T00:00+01:00;2023-04-01T00:00+02:00;2023;3;1560;1331;1789;100,0;31;31;0;8;99,5;2;1153;399;38;70;245;47;45;2
01057V1109432;Hansine Hansens veg;KV12650 S2D1 m20;2023-03-01T00:00+01:00;2023-04-01T00:00+02:00;2023;3;1561;1332;1790;100,0;31;31;0;9;99,4;Totalt i retning UNN;1153;399;38;70;245;47;45;2
01057V1109432;Hansine Hansens veg;KV12650 S2D1 m20;2023-03-01T00:00+01:00;2023-04-01T00:00+02:00;2023;3;1454;1243;1665;100,0;31;31;0;9;99,4;Totalt i retning Planetariet;1071;374;51;53;228;42;41;1
01057V1109432;Hansine Hansens veg;KV12650 S2D1 m20;2023-03-01T00:00+01:00;2023-04-01T00:00+02:00;2023;3;3015;2575;3455;100,0;31;31;0;18;99,4;Totalt;2224;773;89;122;473;89;86;3
01057V1109432;Hansine Hansens veg;KV12650 S2D1 m20;2023-04-01T00:00+02:00;2023-05-01T00:00+02:00;2023;4;1193;944;1442;100,0;30;30;0;10;99,2;1;877;306;48;20;193;45;44;1
01057V1109432;Hansine Hansens veg;KV12650 S2D1 m20;2023-04-01T00:00+02:00;2023-05-01T00:00+02:00;2023;4;1259;993;1525;100,0;30;30;0;12;99,0;2;935;313;22;44;215;32;30;2
01057V1109432;Hansine Hansens veg;KV12650 S2D1 m20;2023-04-01T00:00+02:00;2023-05-01T00:00+02:00;2023;4;1259;993;1525;100,0;30;30;0;12;99,0;Totalt i retning UNN;935;313;22;44;215;32;30;2
01057V1109432;Hansine Hansens veg;KV12650 S2D1 m20;2023-04-01T00:00+02:00;2023-05-01T00:00+02:00;2023;4;1193;944;1442;100,0;30;30;0;10;99,2;Totalt i retning Planetariet;877;306;48;20;193;45;44;1
01057V1109432;Hansine Hansens veg;KV12650 S2D1 m20;2023-04-01T00:00+02:00;2023-05-01T00:00+02:00;2023;4;2453;1938;2968;100,0;30;30;0;22;99,1;Totalt;1811;619;70;65;408;77;74;3
05293V1125916;BREIVIKTUNNELEN;FV862 S1D1 m2604;2023-01-01T00:00+01:00;2023-02-01T00:00+01:00;2023;1;3076;2757;3395;100,0;31;31;0;1;100,0;1;2823;252;82;92;67;11;10;1
05293V1125916;BREIVIKTUNNELEN;FV862 S1D1 m2604;2023-01-01T00:00+01:00;2023-02-01T00:00+01:00;2023;1;3306;2960;3652;100,0;31;31;0;2;99,9;2;3033;271;86;104;68;13;11;2
05293V1125916;BREIVIKTUNNELEN;FV862 S1D1 m2604;2023-01-01T00:00+01:00;2023-02-01T00:00+01:00;2023;1;3305;2959;3651;100,0;31;31;0;1;100,0;Totalt i retning SENTRUM;3032;272;86;105;68;13;11;2
05293V1125916;BREIVIKTUNNELEN;FV862 S1D1 m2604;2023-01-01T00:00+01:00;2023-02-01T00:00+01:00;2023;1;3076;2757;3395;100,0;31;31;0;0;100,0;Totalt i retning BREIVIKA;2824;252;82;92;67;11;10;1
05293V1125916;BREIVIKTUNNELEN;FV862 S1D1 m2604;2023-01-01T00:00+01:00;2023-02-01T00:00+01:00;2023;1;6382;5718;7046;100,0;31;31;0;3;100,0;Totalt;5855;524;168;197;134;25;22;3
05293V1125916;BREIVIKTUNNELEN;FV862 S1D1 m2604;2023-02-01T00:00+01:00;2023-03-01T00:00+01:00;2023;2;3188;2860;3516;100,0;28;28;0;1;100,0;1;2948;239;83;77;68;11;11;0
05293V1125916;BREIVIKTUNNELEN;FV862 S1D1 m2604;2023-02-01T00:00+01:00;2023-03-01T00:00+01:00;2023;2;3515;3122;3908;100,0;28;28;0;0;100,0;2;3237;277;93;98;72;14;12;2
05293V1125916;BREIVIKTUNNELEN;FV862 S1D1 m2604;2023-02-01T00:00+01:00;2023-03-01T00:00+01:00;2023;2;3515;3122;3908;100,0;28;28;0;1;100,0;Totalt i retning SENTRUM;3237;278;93;98;72;14;12;2
05293V1125916;BREIVIKTUNNELEN;FV862 S1D1 m2604;2023-02-01T00:00+01:00;2023-03-01T00:00+01:00;2023;2;3188;2860;3516;100,0;28;28;0;1;100,0;Totalt i retning BREIVIKA;2949;238;82;77;68;11;11;0
05293V1125916;BREIVIKTUNNELEN;FV862 S1D1 m2604;2023-02-01T00:00+01:00;2023-03-01T00:00+01:00;2023;2;6703;5989;7417;100,0;28;28;0;2;100,0;Totalt;6185;516;176;175;140;25;23;2
05293V1125916;BREIVIKTUNNELEN;FV862 S1D1 m2604;2023-03-01T00:00+01:00;2023-04-01T00:00+02:00;2023;3;3196;2879;3513;100,0;31;31;0;1;100,0;1;2942;253;84;79;79;12;11;1
05293V1125916;BREIVIKTUNNELEN;FV862 S1D1 m2604;2023-03-01T00:00+01:00;2023-04-01T00:00+02:00;2023;3;3459;3114;3804;100,0;31;31;0;0;100,0;2;3176;283;97;93;80;13;11;2
05293V1125916;BREIVIKTUNNELEN;FV862 S1D1 m2604;2023-03-01T00:00+01:00;2023-04-01T00:00+02:00;2023;3;3459;3114;3804;100,0;31;31;0;1;100,0;Totalt i retning SENTRUM;3176;283;97;93;80;13;11;2
05293V1125916;BREIVIKTUNNELEN;FV862 S1D1 m2604;2023-03-01T00:00+01:00;2023-04-01T00:00+02:00;2023;3;3196;2879;3513;100,0;31;31;0;0;100,0;Totalt i retning BREIVIKA;2943;253;84;79;79;12;11;1
05293V1125916;BREIVIKTUNNELEN;FV862 S1D1 m2604;2023-03-01T00:00+01:00;2023-04-01T00:00+02:00;2023;3;6655;5993;7317;100,0;31;31;0;1;100,0;Totalt;6119;536;181;172;159;25;22;3
05293V1125916;BREIVIKTUNNELEN;FV862 S1D1 m2604;2023-04-01T00:00+02:00;2023-05-01T00:00+02:00;2023;4;2495;2123;2867;100,0;30;30;0;0;100,0;1;2324;170;62;57;44;7;7;0
05293V1125916;BREIVIKTUNNELEN;FV862 S1D1 m2604;2023-04-01T00:00+02:00;2023-05-01T00:00+02:00;2023;4;2696;2282;3110;100,0;30;30;0;0;100,0;2;2511;185;67;70;42;7;6;1
05293V1125916;BREIVIKTUNNELEN;FV862 S1D1 m2604;2023-04-01T00:00+02:00;2023-05-01T00:00+02:00;2023;4;2696;2282;3110;100,0;30;30;0;1;100,0;Totalt i retning SENTRUM;2510;185;67;70;42;6;5;1
05293V1125916;BREIVIKTUNNELEN;FV862 S1D1 m2604;2023-04-01T00:00+02:00;2023-05-01T00:00+02:00;2023;4;2495;2123;2867;100,0;30;30;0;0;100,0;Totalt i retning BREIVIKA;2324;170;62;57;44;7;7;0
05293V1125916;BREIVIKTUNNELEN;FV862 S1D1 m2604;2023-04-01T00:00+02:00;2023-05-01T00:00+02:00;2023;4;5191;4406;5976;100,0;30;30;0;1;100,0;Totalt;4835;355;129;127;86;14;13;1
05899V1109722;Strandvegen;KV40500 S1D1 m156;2023-01-01T00:00+01:00;2023-02-01T00:00+01:00;2023;1;0;0;0;100,0;31;31;0;0;-;1;0;0;0;0;0;0;0;0
05899V1109722;Strandvegen;KV40500 S1D1 m156;2023-01-01T00:00+01:00;2023-02-01T00:00+01:00;2023;1;2685;2488;2882;100,0;31;31;0;60;97,8;2;2142;484;300;125;43;16;15;1
05899V1109722;Strandvegen;KV40500 S1D1 m156;2023-01-01T00:00+01:00;2023-02-01T00:00+01:00;2023;1;2397;2245;2549;100,0;31;31;0;137;94,3;4;1935;325;158;40;60;67;65;2
05899V1109722;Strandvegen;KV40500 S1D1 m156;2023-01-01T00:00+01:00;2023-02-01T00:00+01:00;2023;1;5066;4750;5382;100,0;31;31;0;196;96,1;Totalt i retning Muse`gata;4064;806;458;163;102;83;80;3
05899V1109722;Strandvegen;KV40500 S1D1 m156;2023-01-01T00:00+01:00;2023-02-01T00:00+01:00;2023;1;16;10;22;100,0;31;31;0;1;93,8;Totalt i retning Nyløkken/Telegrafbukta;13;2;0;1;1;0;0;0
05899V1109722;Strandvegen;KV40500 S1D1 m156;2023-01-01T00:00+01:00;2023-02-01T00:00+01:00;2023;1;5082;4764;5400;100,0;31;31;0;197;96,1;Totalt;4077;809;458;165;103;83;80;3
05899V1109722;Strandvegen;KV40500 S1D1 m156;2023-02-01T00:00+01:00;2023-03-01T00:00+01:00;2023;2;0;0;0;100,0;28;28;0;0;-;1;0;0;0;0;0;0;0;0
05899V1109722;Strandvegen;KV40500 S1D1 m156;2023-02-01T00:00+01:00;2023-03-01T00:00+01:00;2023;2;2796;2604;2988;100,0;28;28;0;69;97,5;2;2253;474;282;130;43;19;18;1
05899V1109722;Strandvegen;KV40500 S1D1 m156;2023-02-01T00:00+01:00;2023-03-01T00:00+01:00;2023;2;2719;2486;2952;100,0;28;28;0;145;94,7;4;2244;330;155;42;64;69;68;1
05899V1109722;Strandvegen;KV40500 S1D1 m156;2023-02-01T00:00+01:00;2023-03-01T00:00+01:00;2023;2;5473;5126;5820;100,0;28;28;0;211;96,1;Totalt i retning Muse`gata;4464;798;437;168;105;89;86;3
05899V1109722;Strandvegen;KV40500 S1D1 m156;2023-02-01T00:00+01:00;2023-03-01T00:00+01:00;2023;2;42;21;63;100,0;28;28;0;3;92,9;Totalt i retning Nyløkken/Telegrafbukta;33;7;1;4;2;0;0;0
05899V1109722;Strandvegen;KV40500 S1D1 m156;2023-02-01T00:00+01:00;2023-03-01T00:00+01:00;2023;2;5515;5167;5863;100,0;28;28;0;213;96,1;Totalt;4497;804;437;172;107;89;86;3
05899V1109722;Strandvegen;KV40500 S1D1 m156;2023-03-01T00:00+01:00;2023-04-01T00:00+02:00;2023;3;0;0;0;100,0;31;31;0;0;-;1;0;0;0;0;0;0;0;0
05899V1109722;Strandvegen;KV40500 S1D1 m156;2023-03-01T00:00+01:00;2023-04-01T00:00+02:00;2023;3;2902;2720;3084;100,0;31;31;0;90;96,9;2;2337;475;279;133;46;16;15;1
05899V1109722;Strandvegen;KV40500 S1D1 m156;2023-03-01T00:00+01:00;2023-04-01T00:00+02:00;2023;3;2988;2758;3218;100,0;31;31;0;225;92,5;4;2430;333;160;48;56;68;67;1
05899V1109722;Strandvegen;KV40500 S1D1 m156;2023-03-01T00:00+01:00;2023-04-01T00:00+02:00;2023;3;5759;5418;6100;100,0;31;31;0;306;94,7;Totalt i retning Muse`gata;4663;790;437;171;97;85;82;3
05899V1109722;Strandvegen;KV40500 S1D1 m156;2023-03-01T00:00+01:00;2023-04-01T00:00+02:00;2023;3;132;25;239;100,0;31;31;0;10;92,4;Totalt i retning Nyløkken/Telegrafbukta;104;18;2;11;5;0;0;0
05899V1109722;Strandvegen;KV40500 S1D1 m156;2023-03-01T00:00+01:00;2023-04-01T00:00+02:00;2023;3;5891;5539;6243;100,0;31;31;0;316;94,6;Totalt;4767;808;439;182;102;86;83;3
05899V1109722;Strandvegen;KV40500 S1D1 m156;2023-04-01T00:00+02:00;2023-05-01T00:00+02:00;2023;4;0;0;0;100,0;30;30;0;0;-;1;0;0;0;0;0;0;0;0
05899V1109722;Strandvegen;KV40500 S1D1 m156;2023-04-01T00:00+02:00;2023-05-01T00:00+02:00;2023;4;2446;2163;2729;100,0;30;30;0;37;98,5;2;1990;419;261;107;36;15;14;1
05899V1109722;Strandvegen;KV40500 S1D1 m156;2023-04-01T00:00+02:00;2023-05-01T00:00+02:00;2023;4;2173;2015;2331;100,0;30;30;0;55;97,5;4;1837;281;142;34;51;54;53;1
05899V1109722;Strandvegen;KV40500 S1D1 m156;2023-04-01T00:00+02:00;2023-05-01T00:00+02:00;2023;4;4602;4169;5035;100,0;30;30;0;91;98,0;Totalt i retning Muse`gata;3813;698;403;140;86;68;66;2
05899V1109722;Strandvegen;KV40500 S1D1 m156;2023-04-01T00:00+02:00;2023-05-01T00:00+02:00;2023;4;17;13;21;100,0;30;30;0;1;94,1;Totalt i retning Nyløkken/Telegrafbukta;14;2;0;1;1;0;0;0
05899V1109722;Strandvegen;KV40500 S1D1 m156;2023-04-01T00:00+02:00;2023-05-01T00:00+02:00;2023;4;4619;4186;5052;100,0;30;30;0;92;98,0;Totalt;3827;700;403;141;87;69;67;2
14843V1125937;Giæverbukta nord;EV8 S1D10 m31;2023-01-01T00:00+01:00;2023-02-01T00:00+01:00;2023;1;2032;1847;2217;100,0;31;31;0;22;98,9;1;1929;82;27;36;11;7;7;0
14843V1125937;Giæverbukta nord;EV8 S1D10 m31;2023-01-01T00:00+01:00;2023-02-01T00:00+01:00;2023;1;2075;1815;2335;100,0;31;31;0;56;97,3;2;1686;333;24;46;241;22;20;2
14843V1125937;Giæverbukta nord;EV8 S1D10 m31;2023-01-01T00:00+01:00;2023-02-01T00:00+01:00;2023;1;5499;4865;6133;100,0;31;31;0;3;99,9;3;5366;131;51;60;11;9;9;0
14843V1125937;Giæverbukta nord;EV8 S1D10 m31;2023-01-01T00:00+01:00;2023-02-01T00:00+01:00;2023;1;5150;4604;5696;100,0;31;31;0;169;96,7;4;4468;512;151;75;244;42;38;4
14843V1125937;Giæverbukta nord;EV8 S1D10 m31;2023-01-01T00:00+01:00;2023-02-01T00:00+01:00;2023;1;2356;2097;2615;100,0;31;31;0;1;100,0;6;2034;321;77;52;188;4;4;0
14843V1125937;Giæverbukta nord;EV8 S1D10 m31;2023-01-01T00:00+01:00;2023-02-01T00:00+01:00;2023;1;9580;8522;10638;100,0;31;31;0;226;97,6;Totalt i retning Langnestunnelen;8187;1167;253;173;673;69;63;6
14843V1125937;Giæverbukta nord;EV8 S1D10 m31;2023-01-01T00:00+01:00;2023-02-01T00:00+01:00;2023;1;7533;6745;8321;100,0;31;31;0;26;99,7;Totalt i retning Hamna;7294;212;77;97;22;17;16;1
14843V1125937;Giæverbukta nord;EV8 S1D10 m31;2023-01-01T00:00+01:00;2023-02-01T00:00+01:00;2023;1;17113;15268;18958;100,0;31;31;0;252;98,5;Totalt;15482;1379;330;269;695;85;79;6
14843V1125937;Giæverbukta nord;EV8 S1D10 m31;2023-02-01T00:00+01:00;2023-03-01T00:00+01:00;2023;2;2185;1992;2378;100,0;28;28;0;18;99,2;1;2073;93;30;44;11;8;8;0
14843V1125937;Giæverbukta nord;EV8 S1D10 m31;2023-02-01T00:00+01:00;2023-03-01T00:00+01:00;2023;2;2182;1919;2445;100,0;28;28;0;55;97,5;2;1782;344;27;48;248;21;19;2
14843V1125937;Giæverbukta nord;EV8 S1D10 m31;2023-02-01T00:00+01:00;2023-03-01T00:00+01:00;2023;2;5738;5065;6411;100,0;28;28;0;4;99,9;3;5588;146;53;72;11;10;10;0
14843V1125937;Giæverbukta nord;EV8 S1D10 m31;2023-02-01T00:00+01:00;2023-03-01T00:00+01:00;2023;2;5397;4844;5950;100,0;28;28;0;189;96,5;4;4668;540;163;85;246;45;41;4
14843V1125937;Giæverbukta nord;EV8 S1D10 m31;2023-02-01T00:00+01:00;2023-03-01T00:00+01:00;2023;2;2486;2202;2770;100,0;28;28;0;5;99,8;6;2150;331;80;58;189;4;4;0
14843V1125937;Giæverbukta nord;EV8 S1D10 m31;2023-02-01T00:00+01:00;2023-03-01T00:00+01:00;2023;2;10064;8974;11154;100,0;28;28;0;249;97,5;Totalt i retning Langnestunnelen;8601;1214;270;191;683;71;64;7
14843V1125937;Giæverbukta nord;EV8 S1D10 m31;2023-02-01T00:00+01:00;2023-03-01T00:00+01:00;2023;2;7924;7113;8735;100,0;28;28;0;23;99,7;Totalt i retning Hamna;7661;240;83;116;23;19;18;1
14843V1125937;Giæverbukta nord;EV8 S1D10 m31;2023-02-01T00:00+01:00;2023-03-01T00:00+01:00;2023;2;17988;16090;19886;100,0;28;28;0;272;98,5;Totalt;16262;1454;352;307;706;89;82;7
14843V1125937;Giæverbukta nord;EV8 S1D10 m31;2023-03-01T00:00+01:00;2023-04-01T00:00+02:00;2023;3;2514;2312;2716;100,0;31;31;0;12;99,5;1;2374;127;35;67;13;11;11;0
14843V1125937;Giæverbukta nord;EV8 S1D10 m31;2023-03-01T00:00+01:00;2023-04-01T00:00+02:00;2023;3;2289;2022;2556;100,0;31;31;0;62;97,3;2;1866;361;27;61;249;25;23;2
14843V1125937;Giæverbukta nord;EV8 S1D10 m31;2023-03-01T00:00+01:00;2023-04-01T00:00+02:00;2023;3;5745;5147;6343;100,0;31;31;0;6;99,9;3;5589;150;49;79;12;11;10;1
14843V1125937;Giæverbukta nord;EV8 S1D10 m31;2023-03-01T00:00+01:00;2023-04-01T00:00+02:00;2023;3;5528;5004;6052;100,0;31;31;0;215;96,1;4;4773;540;142;100;247;52;48;4
14843V1125937;Giæverbukta nord;EV8 S1D10 m31;2023-03-01T00:00+01:00;2023-04-01T00:00+02:00;2023;3;2628;2379;2877;100,0;31;31;0;1;100,0;6;2264;363;87;77;195;4;4;0
14843V1125937;Giæverbukta nord;EV8 S1D10 m31;2023-03-01T00:00+01:00;2023-04-01T00:00+02:00;2023;3;10446;9418;11474;100,0;31;31;0;278;97,3;Totalt i retning Langnestunnelen;8903;1264;255;237;691;81;75;6
14843V1125937;Giæverbukta nord;EV8 S1D10 m31;2023-03-01T00:00+01:00;2023-04-01T00:00+02:00;2023;3;8259;7505;9013;100,0;31;31;0;19;99,8;Totalt i retning Hamna;7962;278;84;146;25;22;21;1
14843V1125937;Giæverbukta nord;EV8 S1D10 m31;2023-03-01T00:00+01:00;2023-04-01T00:00+02:00;2023;3;18705;16925;20485;100,0;31;31;0;297;98,4;Totalt;16866;1542;339;383;716;103;96;7
14843V1125937;Giæverbukta nord;EV8 S1D10 m31;2023-04-01T00:00+02:00;2023-05-01T00:00+02:00;2023;4;1927;1693;2161;100,0;30;30;0;23;98,8;1;1825;79;26;36;9;8;8;0
14843V1125937;Giæverbukta nord;EV8 S1D10 m31;2023-04-01T00:00+02:00;2023-05-01T00:00+02:00;2023;4;2009;1630;2388;100,0;30;30;0;39;98,1;2;1662;307;21;46;221;19;17;2
14843V1125937;Giæverbukta nord;EV8 S1D10 m31;2023-04-01T00:00+02:00;2023-05-01T00:00+02:00;2023;4;5618;4663;6573;100,0;30;30;0;6;99,9;3;5488;124;46;59;9;9;9;0
14843V1125937;Giæverbukta nord;EV8 S1D10 m31;2023-04-01T00:00+02:00;2023-05-01T00:00+02:00;2023;4;5159;4343;5975;100,0;30;30;0;125;97,6;4;4540;494;149;69;235;41;37;4
14843V1125937;Giæverbukta nord;EV8 S1D10 m31;2023-04-01T00:00+02:00;2023-05-01T00:00+02:00;2023;4;2445;2063;2827;100,0;30;30;0;0;100,0;6;2151;294;71;45;175;3;3;0
14843V1125937;Giæverbukta nord;EV8 S1D10 m31;2023-04-01T00:00+02:00;2023-05-01T00:00+02:00;2023;4;9613;8043;11183;100,0;30;30;0;164;98,3;Totalt i retning Langnestunnelen;8353;1096;241;160;631;64;58;6
14843V1125937;Giæverbukta nord;EV8 S1D10 m31;2023-04-01T00:00+02:00;2023-05-01T00:00+02:00;2023;4;7545;6368;8722;100,0;30;30;0;28;99,6;Totalt i retning Hamna;7313;204;72;95;18;19;18;1
14843V1125937;Giæverbukta nord;EV8 S1D10 m31;2023-04-01T00:00+02:00;2023-05-01T00:00+02:00;2023;4;17158;14413;19903;100,0;30;30;0;192;98,9;Totalt;15666;1300;313;255;649;82;75;7
46453V1109708;Stakkevollvegen;KV37650 S1D1 m913;2023-01-01T00:00+01:00;2023-02-01T00:00+01:00;2023;1;1640;1429;1851;100,0;31;31;0;22;98,7;1;1230;388;217;79;46;47;45;2
46453V1109708;Stakkevollvegen;KV37650 S1D1 m913;2023-01-01T00:00+01:00;2023-02-01T00:00+01:00;2023;1;3669;3304;4034;100,0;31;31;0;423;88,5;2;2882;364;128;101;71;65;65;0
46453V1109708;Stakkevollvegen;KV37650 S1D1 m913;2023-01-01T00:00+01:00;2023-02-01T00:00+01:00;2023;1;3682;3315;4049;100,0;31;31;0;427;88,4;Totalt i retning Kræmer;2889;365;128;101;71;65;65;0
46453V1109708;Stakkevollvegen;KV37650 S1D1 m913;2023-01-01T00:00+01:00;2023-02-01T00:00+01:00;2023;1;1627;1417;1837;100,0;31;31;0;18;98,9;Totalt i retning Breivika;1222;387;216;79;46;47;45;2
46453V1109708;Stakkevollvegen;KV37650 S1D1 m913;2023-01-01T00:00+01:00;2023-02-01T00:00+01:00;2023;1;5309;4777;5841;100,0;31;31;0;445;91,6;Totalt;4112;752;344;179;117;112;110;2
46453V1109708;Stakkevollvegen;KV37650 S1D1 m913;2023-02-01T00:00+01:00;2023-03-01T00:00+01:00;2023;2;1687;1455;1919;100,0;28;28;0;23;98,6;1;1273;392;218;77;49;48;46;2
46453V1109708;Stakkevollvegen;KV37650 S1D1 m913;2023-02-01T00:00+01:00;2023-03-01T00:00+01:00;2023;2;3989;3549;4429;100,0;28;28;0;627;84,3;2;3008;354;128;95;69;62;62;0
46453V1109708;Stakkevollvegen;KV37650 S1D1 m913;2023-02-01T00:00+01:00;2023-03-01T00:00+01:00;2023;2;4007;3564;4450;100,0;28;28;0;635;84,2;Totalt i retning Kræmer;3017;356;129;95;69;62;62;0
46453V1109708;Stakkevollvegen;KV37650 S1D1 m913;2023-02-01T00:00+01:00;2023-03-01T00:00+01:00;2023;2;1669;1439;1899;100,0;28;28;0;15;99,1;Totalt i retning Breivika;1264;390;217;77;48;48;46;2
46453V1109708;Stakkevollvegen;KV37650 S1D1 m913;2023-02-01T00:00+01:00;2023-03-01T00:00+01:00;2023;2;5676;5038;6314;100,0;28;28;0;650;88,5;Totalt;4280;746;346;173;118;109;107;2
46453V1109708;Stakkevollvegen;KV37650 S1D1 m913;2023-03-01T00:00+01:00;2023-04-01T00:00+02:00;2023;3;2153;1853;2453;100,0;31;31;0;21;99,0;1;1605;527;281;123;63;60;58;2
46453V1109708;Stakkevollvegen;KV37650 S1D1 m913;2023-03-01T00:00+01:00;2023-04-01T00:00+02:00;2023;3;3919;3536;4302;100,0;31;31;0;457;88,3;2;3044;418;138;136;82;63;63;0
46453V1109708;Stakkevollvegen;KV37650 S1D1 m913;2023-03-01T00:00+01:00;2023-04-01T00:00+02:00;2023;3;3935;3550;4320;100,0;31;31;0;462;88,3;Totalt i retning Kræmer;3054;419;138;136;82;63;63;0
46453V1109708;Stakkevollvegen;KV37650 S1D1 m913;2023-03-01T00:00+01:00;2023-04-01T00:00+02:00;2023;3;2137;1837;2437;100,0;31;31;0;16;99,3;Totalt i retning Breivika;1596;526;280;123;63;60;58;2
46453V1109708;Stakkevollvegen;KV37650 S1D1 m913;2023-03-01T00:00+01:00;2023-04-01T00:00+02:00;2023;3;6072;5426;6718;100,0;31;31;0;478;92,1;Totalt;4649;945;418;259;145;123;121;2
46453V1109708;Stakkevollvegen;KV37650 S1D1 m913;2023-04-01T00:00+02:00;2023-05-01T00:00+02:00;2023;4;1730;1408;2052;100,0;30;30;0;25;98,6;1;1321;384;206;86;46;45;43;2
46453V1109708;Stakkevollvegen;KV37650 S1D1 m913;2023-04-01T00:00+02:00;2023-05-01T00:00+02:00;2023;4;3585;3094;4076;100,0;30;30;0;1069;70,2;2;2263;253;86;73;54;39;39;0
46453V1109708;Stakkevollvegen;KV37650 S1D1 m913;2023-04-01T00:00+02:00;2023-05-01T00:00+02:00;2023;4;3602;3107;4097;100,0;30;30;0;1074;70,2;Totalt i retning Kræmer;2273;255;87;74;54;39;39;0
46453V1109708;Stakkevollvegen;KV37650 S1D1 m913;2023-04-01T00:00+02:00;2023-05-01T00:00+02:00;2023;4;1712;1394;2030;100,0;30;30;0;18;98,9;Totalt i retning Breivika;1311;383;205;86;46;45;43;2
46453V1109708;Stakkevollvegen;KV37650 S1D1 m913;2023-04-01T00:00+02:00;2023-05-01T00:00+02:00;2023;4;5315;4524;6106;100,0;30;30;0;1094;79,4;Totalt;3584;638;292;160;101;84;82;2
47285V3050559;Kvaløyvegen;KV20600 S1D70 m1342;2023-01-01T00:00+01:00;2023-02-01T00:00+01:00;2023;1;2440;2282;2598;100,0;31;31;0;1;100,0;1;2282;157;46;31;72;8;8;0
47285V3050559;Kvaløyvegen;KV20600 S1D70 m1342;2023-01-01T00:00+01:00;2023-02-01T00:00+01:00;2023;1;2403;2254;2552;100,0;31;31;0;1;100,0;2;2220;182;67;31;69;15;15;0
47285V3050559;Kvaløyvegen;KV20600 S1D70 m1342;2023-01-01T00:00+01:00;2023-02-01T00:00+01:00;2023;1;2397;2248;2546;100,0;31;31;0;1;100,0;Totalt i retning Sorgenfri;2215;181;67;31;69;15;15;0
47285V3050559;Kvaløyvegen;KV20600 S1D70 m1342;2023-01-01T00:00+01:00;2023-02-01T00:00+01:00;2023;1;2446;2288;2604;100,0;31;31;0;1;100,0;Totalt i retning Sjølund;2288;157;46;31;72;8;8;0
47285V3050559;Kvaløyvegen;KV20600 S1D70 m1342;2023-01-01T00:00+01:00;2023-02-01T00:00+01:00;2023;1;4843;4536;5150;100,0;31;31;0;2;100,0;Totalt;4502;339;113;62;141;23;23;0
47285V3050559;Kvaløyvegen;KV20600 S1D70 m1342;2023-02-01T00:00+01:00;2023-03-01T00:00+01:00;2023;2;2544;2386;2702;100,0;28;28;0;1;100,0;1;2378;164;46;32;78;8;8;0
47285V3050559;Kvaløyvegen;KV20600 S1D70 m1342;2023-02-01T00:00+01:00;2023-03-01T00:00+01:00;2023;2;2497;2350;2644;100,0;28;28;0;1;100,0;2;2305;191;70;33;72;16;16;0
47285V3050559;Kvaløyvegen;KV20600 S1D70 m1342;2023-02-01T00:00+01:00;2023-03-01T00:00+01:00;2023;2;2492;2346;2638;100,0;28;28;0;1;100,0;Totalt i retning Sorgenfri;2300;191;70;32;72;16;16;0
47285V3050559;Kvaløyvegen;KV20600 S1D70 m1342;2023-02-01T00:00+01:00;2023-03-01T00:00+01:00;2023;2;2549;2391;2707;100,0;28;28;0;1;100,0;Totalt i retning Sjølund;2383;165;46;33;78;8;8;0
47285V3050559;Kvaløyvegen;KV20600 S1D70 m1342;2023-02-01T00:00+01:00;2023-03-01T00:00+01:00;2023;2;5041;4737;5345;100,0;28;28;0;2;100,0;Totalt;4684;356;116;65;150;25;25;0
47285V3050559;Kvaløyvegen;KV20600 S1D70 m1342;2023-03-01T00:00+01:00;2023-04-01T00:00+02:00;2023;3;2632;2493;2771;100,0;31;31;0;2;99,9;1;2465;165;46;35;76;7;7;0
47285V3050559;Kvaløyvegen;KV20600 S1D70 m1342;2023-03-01T00:00+01:00;2023-04-01T00:00+02:00;2023;3;2577;2446;2708;100,0;31;31;0;1;100,0;2;2394;182;61;34;73;14;14;0
47285V3050559;Kvaløyvegen;KV20600 S1D70 m1342;2023-03-01T00:00+01:00;2023-04-01T00:00+02:00;2023;3;2574;2443;2705;100,0;31;31;0;1;100,0;Totalt i retning Sorgenfri;2391;182;61;34;73;14;14;0
47285V3050559;Kvaløyvegen;KV20600 S1D70 m1342;2023-03-01T00:00+01:00;2023-04-01T00:00+02:00;2023;3;2635;2496;2774;100,0;31;31;0;1;100,0;Totalt i retning Sjølund;2468;166;46;36;76;7;7;0
47285V3050559;Kvaløyvegen;KV20600 S1D70 m1342;2023-03-01T00:00+01:00;2023-04-01T00:00+02:00;2023;3;5209;4940;5478;100,0;31;31;0;3;99,9;Totalt;4859;348;107;70;150;21;21;0
47285V3050559;Kvaløyvegen;KV20600 S1D70 m1342;2023-04-01T00:00+02:00;2023-05-01T00:00+02:00;2023;4;2569;2336;2802;100,0;30;30;0;6;99,8;1;2421;142;40;28;69;5;5;0
47285V3050559;Kvaløyvegen;KV20600 S1D70 m1342;2023-04-01T00:00+02:00;2023-05-01T00:00+02:00;2023;4;2564;2339;2789;100,0;30;30;0;6;99,8;2;2396;162;61;25;62;14;14;0
47285V3050559;Kvaløyvegen;KV20600 S1D70 m1342;2023-04-01T00:00+02:00;2023-05-01T00:00+02:00;2023;4;2556;2332;2780;100,0;30;30;0;5;99,8;Totalt i retning Sorgenfri;2389;162;61;25;62;14;14;0
47285V3050559;Kvaløyvegen;KV20600 S1D70 m1342;2023-04-01T00:00+02:00;2023-05-01T00:00+02:00;2023;4;2577;2343;2811;100,0;30;30;0;7;99,7;Totalt i retning Sjølund;2428;142;40;28;69;5;5;0
47285V3050559;Kvaløyvegen;KV20600 S1D70 m1342;2023-04-01T00:00+02:00;2023-05-01T00:00+02:00;2023;4;5133;4675;5591;100,0;30;30;0;12;99,8;Totalt;4817;304;100;53;131;20;20;0
49212V1126027;Postterminalen;FV862 S1D30 m46;2023-01-01T00:00+01:00;2023-02-01T00:00+01:00;2023;1;5509;5135;5883;100,0;31;31;0;2;100,0;1;5212;295;44;76;171;4;4;0
49212V1126027;Postterminalen;FV862 S1D30 m46;2023-01-01T00:00+01:00;2023-02-01T00:00+01:00;2023;1;5087;4757;5417;100,0;31;31;0;61;98,8;2;4798;228;75;79;67;7;6;1
49212V1126027;Postterminalen;FV862 S1D30 m46;2023-01-01T00:00+01:00;2023-02-01T00:00+01:00;2023;1;680;611;749;100,0;31;31;0;1;99,9;4;553;127;11;13;102;1;1;0
49212V1126027;Postterminalen;FV862 S1D30 m46;2023-01-01T00:00+01:00;2023-02-01T00:00+01:00;2023;1;5508;5134;5882;100,0;31;31;0;2;100,0;Totalt i retning LANGNESBAKKEN;5211;295;44;76;171;4;4;0
49212V1126027;Postterminalen;FV862 S1D30 m46;2023-01-01T00:00+01:00;2023-02-01T00:00+01:00;2023;1;5768;5371;6165;100,0;31;31;0;61;98,9;Totalt i retning GIÆVERBUKTA;5352;355;87;92;169;8;7;1
49212V1126027;Postterminalen;FV862 S1D30 m46;2023-01-01T00:00+01:00;2023-02-01T00:00+01:00;2023;1;11276;10506;12046;100,0;31;31;0;63;99,4;Totalt;10563;650;130;168;341;11;10;1
49212V1126027;Postterminalen;FV862 S1D30 m46;2023-02-01T00:00+01:00;2023-03-01T00:00+01:00;2023;2;5782;5407;6157;100,0;28;28;0;2;100,0;1;5472;308;53;72;179;4;4;0
49212V1126027;Postterminalen;FV862 S1D30 m46;2023-02-01T00:00+01:00;2023-03-01T00:00+01:00;2023;2;5326;4971;5681;100,0;28;28;0;97;98,2;2;4993;236;79;76;72;9;8;1
49212V1126027;Postterminalen;FV862 S1D30 m46;2023-02-01T00:00+01:00;2023-03-01T00:00+01:00;2023;2;692;633;751;100,0;28;28;0;1;99,9;4;563;128;11;14;103;1;1;0
49212V1126027;Postterminalen;FV862 S1D30 m46;2023-02-01T00:00+01:00;2023-03-01T00:00+01:00;2023;2;5780;5405;6155;100,0;28;28;0;1;100,0;Totalt i retning LANGNESBAKKEN;5471;308;52;72;179;4;4;0
49212V1126027;Postterminalen;FV862 S1D30 m46;2023-02-01T00:00+01:00;2023-03-01T00:00+01:00;2023;2;6020;5621;6419;100,0;28;28;0;98;98,4;Totalt i retning GIÆVERBUKTA;5557;365;90;90;175;10;9;1
49212V1126027;Postterminalen;FV862 S1D30 m46;2023-02-01T00:00+01:00;2023-03-01T00:00+01:00;2023;2;11800;11030;12570;100,0;28;28;0;100;99,2;Totalt;11028;672;143;162;354;14;13;1
49212V1126027;Postterminalen;FV862 S1D30 m46;2023-03-01T00:00+01:00;2023-04-01T00:00+02:00;2023;3;5913;5577;6249;100,0;31;31;0;2;100,0;1;5533;378;84;102;188;4;4;0
49212V1126027;Postterminalen;FV862 S1D30 m46;2023-03-01T00:00+01:00;2023-04-01T00:00+02:00;2023;3;5505;5192;5818;100,0;31;31;0;90;98,4;2;5156;259;80;92;80;8;7;1
49212V1126027;Postterminalen;FV862 S1D30 m46;2023-03-01T00:00+01:00;2023-04-01T00:00+02:00;2023;3;648;594;702;100,0;31;31;0;2;99,7;4;528;118;8;14;95;1;1;0
49212V1126027;Postterminalen;FV862 S1D30 m46;2023-03-01T00:00+01:00;2023-04-01T00:00+02:00;2023;3;5914;5578;6250;100,0;31;31;0;3;99,9;Totalt i retning LANGNESBAKKEN;5533;378;84;102;188;4;4;0
49212V1126027;Postterminalen;FV862 S1D30 m46;2023-03-01T00:00+01:00;2023-04-01T00:00+02:00;2023;3;6153;5796;6510;100,0;31;31;0;92;98,5;Totalt i retning GIÆVERBUKTA;5684;377;88;105;175;9;8;1
49212V1126027;Postterminalen;FV862 S1D30 m46;2023-03-01T00:00+01:00;2023-04-01T00:00+02:00;2023;3;12066;11374;12758;100,0;31;31;0;94;99,2;Totalt;11217;756;172;208;363;13;12;1
49212V1126027;Postterminalen;FV862 S1D30 m46;2023-04-01T00:00+02:00;2023-05-01T00:00+02:00;2023;4;5328;4823;5833;100,0;30;30;0;1;100,0;1;5084;243;37;48;155;3;3;0
49212V1126027;Postterminalen;FV862 S1D30 m46;2023-04-01T00:00+02:00;2023-05-01T00:00+02:00;2023;4;5336;4807;5865;100,0;30;30;0;62;98,8;2;5068;205;64;66;67;8;7;1
49212V1126027;Postterminalen;FV862 S1D30 m46;2023-04-01T00:00+02:00;2023-05-01T00:00+02:00;2023;4;518;440;596;100,0;30;30;0;1;99,8;4;411;106;7;8;91;0;0;0
49212V1126027;Postterminalen;FV862 S1D30 m46;2023-04-01T00:00+02:00;2023-05-01T00:00+02:00;2023;4;5327;4822;5832;100,0;30;30;0;1;100,0;Totalt i retning LANGNESBAKKEN;5083;243;37;48;155;3;3;0
49212V1126027;Postterminalen;FV862 S1D30 m46;2023-04-01T00:00+02:00;2023-05-01T00:00+02:00;2023;4;5855;5252;6458;100,0;30;30;0;63;98,9;Totalt i retning GIÆVERBUKTA;5480;312;71;73;159;9;8;1
49212V1126027;Postterminalen;FV862 S1D30 m46;2023-04-01T00:00+02:00;2023-05-01T00:00+02:00;2023;4;11182;10080;12284;100,0;30;30;0;64;99,4;Totalt;10563;555;108;121;313;12;11;1
52043V1664653;Langnestunnelen;FV862 S1D20 m897;2023-01-01T00:00+01:00;2023-02-01T00:00+01:00;2023;1;6649;6242;7056;100,0;31;31;0;2;100,0;1;6178;468;174;132;138;24;22;2
52043V1664653;Langnestunnelen;FV862 S1D20 m897;2023-01-01T00:00+01:00;2023-02-01T00:00+01:00;2023;1;6767;6299;7235;100,0;31;31;0;1;100,0;2;6265;500;205;142;138;16;15;1
52043V1664653;Langnestunnelen;FV862 S1D20 m897;2023-01-01T00:00+01:00;2023-02-01T00:00+01:00;2023;1;6767;6299;7235;100,0;31;31;0;1;100,0;Totalt i retning Sentrum;6266;500;205;142;138;16;15;1
52043V1664653;Langnestunnelen;FV862 S1D20 m897;2023-01-01T00:00+01:00;2023-02-01T00:00+01:00;2023;1;6648;6241;7055;100,0;31;31;0;2;100,0;Totalt i retning Langnes;6178;468;174;132;138;24;22;2
52043V1664653;Langnestunnelen;FV862 S1D20 m897;2023-01-01T00:00+01:00;2023-02-01T00:00+01:00;2023;1;13416;12542;14290;100,0;31;31;0;4;100,0;Totalt;12444;968;379;274;276;40;37;3
52043V1664653;Langnestunnelen;FV862 S1D20 m897;2023-02-01T00:00+01:00;2023-03-01T00:00+01:00;2023;2;6971;6574;7368;100,0;28;28;0;4;99,9;1;6481;486;189;130;142;26;24;2
52043V1664653;Langnestunnelen;FV862 S1D20 m897;2023-02-01T00:00+01:00;2023-03-01T00:00+01:00;2023;2;7124;6681;7567;100,0;28;28;0;2;100,0;2;6611;511;216;136;140;19;19;0
52043V1664653;Langnestunnelen;FV862 S1D20 m897;2023-02-01T00:00+01:00;2023-03-01T00:00+01:00;2023;2;7124;6681;7567;100,0;28;28;0;1;100,0;Totalt i retning Sentrum;6611;512;216;136;140;20;19;1
52043V1664653;Langnestunnelen;FV862 S1D20 m897;2023-02-01T00:00+01:00;2023-03-01T00:00+01:00;2023;2;6970;6573;7367;100,0;28;28;0;3;100,0;Totalt i retning Langnes;6480;486;189;130;142;26;24;2
52043V1664653;Langnestunnelen;FV862 S1D20 m897;2023-02-01T00:00+01:00;2023-03-01T00:00+01:00;2023;2;14094;13255;14933;100,0;28;28;0;5;100,0;Totalt;13091;998;405;266;282;44;42;2
52043V1664653;Langnestunnelen;FV862 S1D20 m897;2023-03-01T00:00+01:00;2023-04-01T00:00+02:00;2023;3;7218;6840;7596;100,0;31;31;0;1;100,0;1;6693;524;192;155;145;32;30;2
52043V1664653;Langnestunnelen;FV862 S1D20 m897;2023-03-01T00:00+01:00;2023-04-01T00:00+02:00;2023;3;7335;6913;7757;100,0;31;31;0;1;100,0;2;6796;538;216;160;143;19;18;1
52043V1664653;Langnestunnelen;FV862 S1D20 m897;2023-03-01T00:00+01:00;2023-04-01T00:00+02:00;2023;3;7335;6913;7757;100,0;31;31;0;0;100,0;Totalt i retning Sentrum;6797;538;216;160;143;19;18;1
52043V1664653;Langnestunnelen;FV862 S1D20 m897;2023-03-01T00:00+01:00;2023-04-01T00:00+02:00;2023;3;7217;6839;7595;100,0;31;31;0;1;100,0;Totalt i retning Langnes;6692;524;192;155;145;32;30;2
52043V1664653;Langnestunnelen;FV862 S1D20 m897;2023-03-01T00:00+01:00;2023-04-01T00:00+02:00;2023;3;14552;13753;15351;100,0;31;31;0;1;100,0;Totalt;13489;1062;408;315;288;50;47;3
52043V1664653;Langnestunnelen;FV862 S1D20 m897;2023-04-01T00:00+02:00;2023-05-01T00:00+02:00;2023;4;6229;5651;6807;100,0;30;30;0;1;100,0;1;5873;355;125;96;113;21;20;1
52043V1664653;Langnestunnelen;FV862 S1D20 m897;2023-04-01T00:00+02:00;2023-05-01T00:00+02:00;2023;4;6308;5673;6943;100,0;30;30;0;0;100,0;2;5913;395;166;101;113;15;15;0
52043V1664653;Langnestunnelen;FV862 S1D20 m897;2023-04-01T00:00+02:00;2023-05-01T00:00+02:00;2023;4;6308;5674;6942;100,0;30;30;0;0;100,0;Totalt i retning Sentrum;5913;395;166;101;113;15;15;0
52043V1664653;Langnestunnelen;FV862 S1D20 m897;2023-04-01T00:00+02:00;2023-05-01T00:00+02:00;2023;4;6229;5651;6807;100,0;30;30;0;1;100,0;Totalt i retning Langnes;5873;355;125;96;113;21;20;1
52043V1664653;Langnestunnelen;FV862 S1D20 m897;2023-04-01T00:00+02:00;2023-05-01T00:00+02:00;2023;4;12537;11327;13747;100,0;30;30;0;1;100,0;Totalt;11786;750;292;197;226;35;34;1
55092V1125799;Breivika;EV8 S2D1 m207;2023-01-01T00:00+01:00;2023-02-01T00:00+01:00;2023;1;2178;1925;2431;100,0;31;31;0;1;100,0;1;2114;63;27;26;3;6;6;0
55092V1125799;Breivika;EV8 S2D1 m207;2023-01-01T00:00+01:00;2023-02-01T00:00+01:00;2023;1;3973;3581;4365;100,0;31;31;0;0;100,0;2;3739;234;70;108;50;6;6;0
55092V1125799;Breivika;EV8 S2D1 m207;2023-01-01T00:00+01:00;2023-02-01T00:00+01:00;2023;1;7426;6652;8200;100,0;31;31;0;2;100,0;3;6492;932;300;333;241;58;56;2
55092V1125799;Breivika;EV8 S2D1 m207;2023-01-01T00:00+01:00;2023-02-01T00:00+01:00;2023;1;5401;4786;6016;100,0;31;31;0;0;100,0;4;4591;810;371;259;153;27;25;2
55092V1125799;Breivika;EV8 S2D1 m207;2023-01-01T00:00+01:00;2023-02-01T00:00+01:00;2023;1;9603;8579;10627;100,0;31;31;0;1;100,0;Totalt i retning RITØ;8606;996;327;359;244;66;63;3
55092V1125799;Breivika;EV8 S2D1 m207;2023-01-01T00:00+01:00;2023-02-01T00:00+01:00;2023;1;9374;8373;10375;100,0;31;31;0;0;100,0;Totalt i retning Breivikatunnelen;8330;1043;441;367;202;33;31;2
55092V1125799;Breivika;EV8 S2D1 m207;2023-01-01T00:00+01:00;2023-02-01T00:00+01:00;2023;1;18977;16953;21001;100,0;31;31;0;2;100,0;Totalt;16936;2039;768;726;447;99;94;5
55092V1125799;Breivika;EV8 S2D1 m207;2023-02-01T00:00+01:00;2023-03-01T00:00+01:00;2023;2;2267;2025;2509;100,0;28;28;0;0;100,0;1;2198;69;29;29;5;5;5;0
55092V1125799;Breivika;EV8 S2D1 m207;2023-02-01T00:00+01:00;2023-03-01T00:00+01:00;2023;2;4121;3718;4524;100,0;28;28;0;1;100,0;2;3882;238;73;110;49;5;5;0
55092V1125799;Breivika;EV8 S2D1 m207;2023-02-01T00:00+01:00;2023-03-01T00:00+01:00;2023;2;7724;6894;8554;100,0;28;28;0;2;100,0;3;6793;929;302;316;250;61;58;3
55092V1125799;Breivika;EV8 S2D1 m207;2023-02-01T00:00+01:00;2023-03-01T00:00+01:00;2023;2;5802;5123;6481;100,0;28;28;0;0;100,0;4;4954;848;393;255;169;31;29;2
55092V1125799;Breivika;EV8 S2D1 m207;2023-02-01T00:00+01:00;2023-03-01T00:00+01:00;2023;2;9991;8930;11052;100,0;28;28;0;2;100,0;Totalt i retning RITØ;8991;998;330;346;255;67;64;3
55092V1125799;Breivika;EV8 S2D1 m207;2023-02-01T00:00+01:00;2023-03-01T00:00+01:00;2023;2;9923;8855;10991;100,0;28;28;0;1;100,0;Totalt i retning Breivikatunnelen;8836;1086;466;365;218;36;34;2
55092V1125799;Breivika;EV8 S2D1 m207;2023-02-01T00:00+01:00;2023-03-01T00:00+01:00;2023;2;19914;17793;22035;100,0;28;28;0;3;100,0;Totalt;17828;2083;797;711;473;103;98;5
55092V1125799;Breivika;EV8 S2D1 m207;2023-03-01T00:00+01:00;2023-04-01T00:00+02:00;2023;3;2324;2076;2572;100,0;31;31;0;0;100,0;1;2252;72;30;28;8;6;6;0
55092V1125799;Breivika;EV8 S2D1 m207;2023-03-01T00:00+01:00;2023-04-01T00:00+02:00;2023;3;4102;3732;4472;100,0;31;31;0;0;100,0;2;3849;252;73;124;50;5;5;0
55092V1125799;Breivika;EV8 S2D1 m207;2023-03-01T00:00+01:00;2023-04-01T00:00+02:00;2023;3;7930;7187;8673;100,0;31;31;0;3;100,0;3;7005;921;254;345;268;54;52;2
55092V1125799;Breivika;EV8 S2D1 m207;2023-03-01T00:00+01:00;2023-04-01T00:00+02:00;2023;3;5872;5279;6465;100,0;31;31;0;0;100,0;4;4973;899;395;291;182;30;28;2
55092V1125799;Breivika;EV8 S2D1 m207;2023-03-01T00:00+01:00;2023-04-01T00:00+02:00;2023;3;10254;9269;11239;100,0;31;31;0;3;100,0;Totalt i retning RITØ;9257;994;284;373;276;60;58;2
55092V1125799;Breivika;EV8 S2D1 m207;2023-03-01T00:00+01:00;2023-04-01T00:00+02:00;2023;3;9974;9018;10930;100,0;31;31;0;1;100,0;Totalt i retning Breivikatunnelen;8822;1151;468;415;232;35;33;2
55092V1125799;Breivika;EV8 S2D1 m207;2023-03-01T00:00+01:00;2023-04-01T00:00+02:00;2023;3;20228;18288;22168;100,0;31;31;0;4;100,0;Totalt;18079;2145;752;788;508;97;92;5
55092V1125799;Breivika;EV8 S2D1 m207;2023-04-01T00:00+02:00;2023-05-01T00:00+02:00;2023;4;1965;1657;2273;100,0;30;30;0;0;100,0;1;1915;50;21;20;5;4;4;0
55092V1125799;Breivika;EV8 S2D1 m207;2023-04-01T00:00+02:00;2023-05-01T00:00+02:00;2023;4;3903;3342;4464;100,0;30;30;0;1;100,0;2;3688;215;58;105;45;6;6;0
55092V1125799;Breivika;EV8 S2D1 m207;2023-04-01T00:00+02:00;2023-05-01T00:00+02:00;2023;4;7126;6087;8165;100,0;30;30;0;1;100,0;3;6362;763;237;275;200;51;48;3
55092V1125799;Breivika;EV8 S2D1 m207;2023-04-01T00:00+02:00;2023-05-01T00:00+02:00;2023;4;4965;4204;5726;100,0;30;30;0;0;100,0;4;4308;658;320;194;123;20;19;1
55092V1125799;Breivika;EV8 S2D1 m207;2023-04-01T00:00+02:00;2023-05-01T00:00+02:00;2023;4;9091;7745;10437;100,0;30;30;0;1;100,0;Totalt i retning RITØ;8277;813;258;295;204;55;52;3
55092V1125799;Breivika;EV8 S2D1 m207;2023-04-01T00:00+02:00;2023-05-01T00:00+02:00;2023;4;8868;7549;10187;100,0;30;30;0;1;100,0;Totalt i retning Breivikatunnelen;7995;872;378;300;168;26;24;2
55092V1125799;Breivika;EV8 S2D1 m207;2023-04-01T00:00+02:00;2023-05-01T00:00+02:00;2023;4;17959;15295;20623;100,0;30;30;0;1;100,0;Totalt;16272;1685;636;595;373;80;76;4
64888V1125917;Fartstavle Tverrforbindelsen;EV8 S1D1 m2385;2023-01-01T00:00+01:00;2023-02-01T00:00+01:00;2023;1;5921;5356;6486;100,0;31;31;0;0;100,0;1;5467;454;167;145;105;36;34;2
64888V1125917;Fartstavle Tverrforbindelsen;EV8 S1D1 m2385;2023-01-01T00:00+01:00;2023-02-01T00:00+01:00;2023;1;6066;5469;6663;100,0;31;31;0;0;100,0;2;5680;386;119;137;105;25;25;0
64888V1125917;Fartstavle Tverrforbindelsen;EV8 S1D1 m2385;2023-01-01T00:00+01:00;2023-02-01T00:00+01:00;2023;1;5921;5356;6486;100,0;31;31;0;0;100,0;Totalt i retning Sentrum;5467;454;167;145;105;36;34;2
64888V1125917;Fartstavle Tverrforbindelsen;EV8 S1D1 m2385;2023-01-01T00:00+01:00;2023-02-01T00:00+01:00;2023;1;6066;5469;6663;100,0;31;31;0;0;100,0;Totalt i retning Kvaløya;5680;386;119;137;105;25;25;0
64888V1125917;Fartstavle Tverrforbindelsen;EV8 S1D1 m2385;2023-01-01T00:00+01:00;2023-02-01T00:00+01:00;2023;1;11987;10826;13148;100,0;31;31;0;0;100,0;Totalt;11147;840;286;282;210;61;59;2
64888V1125917;Fartstavle Tverrforbindelsen;EV8 S1D1 m2385;2023-02-01T00:00+01:00;2023-03-01T00:00+01:00;2023;2;6100;5501;6699;100,0;28;28;0;6;99,9;1;5620;474;185;149;103;37;35;2
64888V1125917;Fartstavle Tverrforbindelsen;EV8 S1D1 m2385;2023-02-01T00:00+01:00;2023-03-01T00:00+01:00;2023;2;6289;5658;6920;100,0;28;28;0;2;100,0;2;5891;396;124;140;104;29;28;1
64888V1125917;Fartstavle Tverrforbindelsen;EV8 S1D1 m2385;2023-02-01T00:00+01:00;2023-03-01T00:00+01:00;2023;2;6101;5502;6700;100,0;28;28;0;6;99,9;Totalt i retning Sentrum;5621;474;185;149;103;37;35;2
64888V1125917;Fartstavle Tverrforbindelsen;EV8 S1D1 m2385;2023-02-01T00:00+01:00;2023-03-01T00:00+01:00;2023;2;6289;5658;6920;100,0;28;28;0;3;100,0;Totalt i retning Kvaløya;5890;396;124;140;104;29;28;1
64888V1125917;Fartstavle Tverrforbindelsen;EV8 S1D1 m2385;2023-02-01T00:00+01:00;2023-03-01T00:00+01:00;2023;2;12389;11160;13618;100,0;28;28;0;8;99,9;Totalt;11511;870;309;289;207;65;62;3
64888V1125917;Fartstavle Tverrforbindelsen;EV8 S1D1 m2385;2023-03-01T00:00+01:00;2023-04-01T00:00+02:00;2023;3;6140;5578;6702;100,0;31;31;0;1;100,0;1;5645;494;170;177;108;39;37;2
64888V1125917;Fartstavle Tverrforbindelsen;EV8 S1D1 m2385;2023-03-01T00:00+01:00;2023-04-01T00:00+02:00;2023;3;6272;5686;6858;100,0;31;31;0;0;100,0;2;5851;421;123;166;106;26;25;1
64888V1125917;Fartstavle Tverrforbindelsen;EV8 S1D1 m2385;2023-03-01T00:00+01:00;2023-04-01T00:00+02:00;2023;3;6140;5578;6702;100,0;31;31;0;1;100,0;Totalt i retning Sentrum;5645;494;170;177;108;39;37;2
64888V1125917;Fartstavle Tverrforbindelsen;EV8 S1D1 m2385;2023-03-01T00:00+01:00;2023-04-01T00:00+02:00;2023;3;6272;5686;6858;100,0;31;31;0;0;100,0;Totalt i retning Kvaløya;5851;421;123;167;106;26;25;1
64888V1125917;Fartstavle Tverrforbindelsen;EV8 S1D1 m2385;2023-03-01T00:00+01:00;2023-04-01T00:00+02:00;2023;3;12412;11265;13559;100,0;31;31;0;1;100,0;Totalt;11496;916;293;343;214;66;63;3
64888V1125917;Fartstavle Tverrforbindelsen;EV8 S1D1 m2385;2023-04-01T00:00+02:00;2023-05-01T00:00+02:00;2023;4;5737;4915;6559;100,0;30;30;0;0;100,0;1;5325;412;146;137;96;33;31;2
64888V1125917;Fartstavle Tverrforbindelsen;EV8 S1D1 m2385;2023-04-01T00:00+02:00;2023-05-01T00:00+02:00;2023;4;5895;5019;6771;100,0;30;30;0;0;100,0;2;5537;358;106;129;97;27;25;2
64888V1125917;Fartstavle Tverrforbindelsen;EV8 S1D1 m2385;2023-04-01T00:00+02:00;2023-05-01T00:00+02:00;2023;4;5738;4916;6560;100,0;30;30;0;0;100,0;Totalt i retning Sentrum;5325;412;146;137;96;33;31;2
64888V1125917;Fartstavle Tverrforbindelsen;EV8 S1D1 m2385;2023-04-01T00:00+02:00;2023-05-01T00:00+02:00;2023;4;5894;5018;6770;100,0;30;30;0;0;100,0;Totalt i retning Kvaløya;5536;358;106;129;97;27;25;2
64888V1125917;Fartstavle Tverrforbindelsen;EV8 S1D1 m2385;2023-04-01T00:00+02:00;2023-05-01T00:00+02:00;2023;4;11632;9935;13329;100,0;30;30;0;0;100,0;Totalt;10861;770;252;266;193;59;55;4
71291V1125935;Sentrumstangenten;FV862 S1D10 m791;2023-01-01T00:00+01:00;2023-02-01T00:00+01:00;2023;1;4628;4197;5059;100,0;31;31;0;1;100,0;1;4310;317;99;96;114;8;8;0
71291V1125935;Sentrumstangenten;FV862 S1D10 m791;2023-01-01T00:00+01:00;2023-02-01T00:00+01:00;2023;1;4441;4050;4832;100,0;31;31;0;1;100,0;2;4036;404;163;109;123;9;9;0
71291V1125935;Sentrumstangenten;FV862 S1D10 m791;2023-01-01T00:00+01:00;2023-02-01T00:00+01:00;2023;1;4441;4050;4832;100,0;31;31;0;1;100,0;Totalt i retning Langnestunnelen;4036;404;163;109;123;9;9;0
71291V1125935;Sentrumstangenten;FV862 S1D10 m791;2023-01-01T00:00+01:00;2023-02-01T00:00+01:00;2023;1;4628;4197;5059;100,0;31;31;0;1;100,0;Totalt i retning Fylkeshuset;4310;317;99;97;114;8;8;0
71291V1125935;Sentrumstangenten;FV862 S1D10 m791;2023-01-01T00:00+01:00;2023-02-01T00:00+01:00;2023;1;9068;8246;9890;100,0;31;31;0;0;100,0;Totalt;8346;722;262;206;237;17;17;0
71291V1125935;Sentrumstangenten;FV862 S1D10 m791;2023-02-01T00:00+01:00;2023-03-01T00:00+01:00;2023;2;4838;4435;5241;100,0;28;28;0;0;100,0;1;4518;320;97;98;117;9;9;0
71291V1125935;Sentrumstangenten;FV862 S1D10 m791;2023-02-01T00:00+01:00;2023-03-01T00:00+01:00;2023;2;4663;4281;5045;100,0;28;28;0;0;100,0;2;4243;420;174;109;127;10;10;0
71291V1125935;Sentrumstangenten;FV862 S1D10 m791;2023-02-01T00:00+01:00;2023-03-01T00:00+01:00;2023;2;4663;4281;5045;100,0;28;28;0;0;100,0;Totalt i retning Langnestunnelen;4243;420;174;109;127;10;10;0
71291V1125935;Sentrumstangenten;FV862 S1D10 m791;2023-02-01T00:00+01:00;2023-03-01T00:00+01:00;2023;2;4838;4435;5241;100,0;28;28;0;0;100,0;Totalt i retning Fylkeshuset;4518;320;97;98;117;9;9;0
71291V1125935;Sentrumstangenten;FV862 S1D10 m791;2023-02-01T00:00+01:00;2023-03-01T00:00+01:00;2023;2;9501;8717;10285;100,0;28;28;0;1;100,0;Totalt;8761;740;270;207;244;18;18;0
71291V1125935;Sentrumstangenten;FV862 S1D10 m791;2023-03-01T00:00+01:00;2023-04-01T00:00+02:00;2023;3;4924;4530;5318;100,0;31;31;0;1;100,0;1;4592;332;103;96;126;7;7;0
71291V1125935;Sentrumstangenten;FV862 S1D10 m791;2023-03-01T00:00+01:00;2023-04-01T00:00+02:00;2023;3;4729;4359;5099;100,0;31;31;0;1;100,0;2;4289;439;185;115;132;8;8;0
71291V1125935;Sentrumstangenten;FV862 S1D10 m791;2023-03-01T00:00+01:00;2023-04-01T00:00+02:00;2023;3;4729;4359;5099;100,0;31;31;0;1;100,0;Totalt i retning Langnestunnelen;4289;439;185;115;132;8;8;0
71291V1125935;Sentrumstangenten;FV862 S1D10 m791;2023-03-01T00:00+01:00;2023-04-01T00:00+02:00;2023;3;4923;4529;5317;100,0;31;31;0;0;100,0;Totalt i retning Fylkeshuset;4592;332;103;96;126;7;7;0
71291V1125935;Sentrumstangenten;FV862 S1D10 m791;2023-03-01T00:00+01:00;2023-04-01T00:00+02:00;2023;3;9652;8889;10415;100,0;31;31;0;1;100,0;Totalt;8881;771;288;211;257;15;15;0
71291V1125935;Sentrumstangenten;FV862 S1D10 m791;2023-04-01T00:00+02:00;2023-05-01T00:00+02:00;2023;4;4111;3570;4652;100,0;30;30;0;0;100,0;1;3854;257;72;82;97;6;6;0
71291V1125935;Sentrumstangenten;FV862 S1D10 m791;2023-04-01T00:00+02:00;2023-05-01T00:00+02:00;2023;4;3976;3468;4484;100,0;30;30;0;1;100,0;2;3643;332;134;90;102;6;6;0
71291V1125935;Sentrumstangenten;FV862 S1D10 m791;2023-04-01T00:00+02:00;2023-05-01T00:00+02:00;2023;4;3976;3468;4484;100,0;30;30;0;1;100,0;Totalt i retning Langnestunnelen;3643;332;134;90;102;6;6;0
71291V1125935;Sentrumstangenten;FV862 S1D10 m791;2023-04-01T00:00+02:00;2023-05-01T00:00+02:00;2023;4;4111;3570;4652;100,0;30;30;0;0;100,0;Totalt i retning Fylkeshuset;3854;257;72;82;97;6;6;0
71291V1125935;Sentrumstangenten;FV862 S1D10 m791;2023-04-01T00:00+02:00;2023-05-01T00:00+02:00;2023;4;8087;7039;9135;100,0;30;30;0;1;100,0;Totalt;7497;589;205;171;199;13;13;0
74530V2378328;Ringvegen;KV30790 S2D1 m4398;2023-01-01T00:00+01:00;2023-02-01T00:00+01:00;2023;1;2012;1906;2118;100,0;31;31;0;1;100,0;1;1883;128;35;25;57;10;10;0
74530V2378328;Ringvegen;KV30790 S2D1 m4398;2023-01-01T00:00+01:00;2023-02-01T00:00+01:00;2023;1;1955;1868;2042;100,0;31;31;0;5;99,7;2;1794;157;69;23;54;11;11;0
74530V2378328;Ringvegen;KV30790 S2D1 m4398;2023-01-01T00:00+01:00;2023-02-01T00:00+01:00;2023;1;1955;1868;2042;100,0;31;31;0;5;99,7;Totalt i retning Bergli/Hamna;1794;157;69;23;54;11;11;0
74530V2378328;Ringvegen;KV30790 S2D1 m4398;2023-01-01T00:00+01:00;2023-02-01T00:00+01:00;2023;1;2011;1905;2117;100,0;31;31;0;1;100,0;Totalt i retning X_ Ørnevegen/Ringvegen;1883;128;35;25;57;10;10;0
74530V2378328;Ringvegen;KV30790 S2D1 m4398;2023-01-01T00:00+01:00;2023-02-01T00:00+01:00;2023;1;3967;3774;4160;100,0;31;31;0;6;99,8;Totalt;3676;284;104;48;112;21;21;0
74530V2378328;Ringvegen;KV30790 S2D1 m4398;2023-02-01T00:00+01:00;2023-03-01T00:00+01:00;2023;2;2075;1963;2187;100,0;28;28;0;1;100,0;1;1948;126;36;23;58;9;9;0
74530V2378328;Ringvegen;KV30790 S2D1 m4398;2023-02-01T00:00+01:00;2023-03-01T00:00+01:00;2023;2;2027;1934;2120;100,0;28;28;0;5;99,8;2;1861;160;70;23;53;13;13;0
74530V2378328;Ringvegen;KV30790 S2D1 m4398;2023-02-01T00:00+01:00;2023-03-01T00:00+01:00;2023;2;2028;1935;2121;100,0;28;28;0;5;99,8;Totalt i retning Bergli/Hamna;1862;161;70;23;54;13;13;0
74530V2378328;Ringvegen;KV30790 S2D1 m4398;2023-02-01T00:00+01:00;2023-03-01T00:00+01:00;2023;2;2074;1962;2186;100,0;28;28;0;2;99,9;Totalt i retning X_ Ørnevegen/Ringvegen;1947;126;36;23;58;9;9;0
74530V2378328;Ringvegen;KV30790 S2D1 m4398;2023-02-01T00:00+01:00;2023-03-01T00:00+01:00;2023;2;4101;3897;4305;100,0;28;28;0;6;99,9;Totalt;3809;286;106;46;112;22;22;0
74530V2378328;Ringvegen;KV30790 S2D1 m4398;2023-03-01T00:00+01:00;2023-04-01T00:00+02:00;2023;3;2115;2000;2230;100,0;31;31;0;1;100,0;1;1988;126;36;24;60;6;6;0
74530V2378328;Ringvegen;KV30790 S2D1 m4398;2023-03-01T00:00+01:00;2023-04-01T00:00+02:00;2023;3;2065;1970;2160;100,0;31;31;0;5;99,8;2;1901;158;65;26;54;12;12;0
74530V2378328;Ringvegen;KV30790 S2D1 m4398;2023-03-01T00:00+01:00;2023-04-01T00:00+02:00;2023;3;2066;1971;2161;100,0;31;31;0;5;99,8;Totalt i retning Bergli/Hamna;1903;158;65;26;54;12;12;0
74530V2378328;Ringvegen;KV30790 S2D1 m4398;2023-03-01T00:00+01:00;2023-04-01T00:00+02:00;2023;3;2114;1999;2229;100,0;31;31;0;2;99,9;Totalt i retning X_ Ørnevegen/Ringvegen;1987;126;36;24;60;6;6;0
74530V2378328;Ringvegen;KV30790 S2D1 m4398;2023-03-01T00:00+01:00;2023-04-01T00:00+02:00;2023;3;4180;3971;4389;100,0;31;31;0;7;99,8;Totalt;3889;284;101;50;114;19;19;0
74530V2378328;Ringvegen;KV30790 S2D1 m4398;2023-04-01T00:00+02:00;2023-05-01T00:00+02:00;2023;4;1991;1810;2172;100,0;30;30;0;5;99,7;1;1880;106;28;20;53;5;5;0
74530V2378328;Ringvegen;KV30790 S2D1 m4398;2023-04-01T00:00+02:00;2023-05-01T00:00+02:00;2023;4;1961;1795;2127;100,0;30;30;0;9;99,5;2;1811;142;63;20;48;11;11;0
74530V2378328;Ringvegen;KV30790 S2D1 m4398;2023-04-01T00:00+02:00;2023-05-01T00:00+02:00;2023;4;1961;1795;2127;100,0;30;30;0;9;99,5;Totalt i retning Bergli/Hamna;1811;142;63;20;48;11;11;0
74530V2378328;Ringvegen;KV30790 S2D1 m4398;2023-04-01T00:00+02:00;2023-05-01T00:00+02:00;2023;4;1991;1810;2172;100,0;30;30;0;5;99,7;Totalt i retning X_ Ørnevegen/Ringvegen;1880;106;28;20;53;5;5;0
74530V2378328;Ringvegen;KV30790 S2D1 m4398;2023-04-01T00:00+02:00;2023-05-01T00:00+02:00;2023;4;3952;3606;4298;100,0;30;30;0;14;99,6;Totalt;3691;247;91;40;100;16;16;0
79743V1125914;TROMSØBRUA;FV862 S1D1 m1705;2023-01-01T00:00+01:00;2023-02-01T00:00+01:00;2023;1;7753;7442;8064;100,0;31;31;0;11;99,9;1;7232;510;114;102;282;12;11;1
79743V1125914;TROMSØBRUA;FV862 S1D1 m1705;2023-01-01T00:00+01:00;2023-02-01T00:00+01:00;2023;1;7666;7315;8017;100,0;31;31;0;2;100,0;2;6826;838;329;163;309;36;36;0
79743V1125914;TROMSØBRUA;FV862 S1D1 m1705;2023-01-01T00:00+01:00;2023-02-01T00:00+01:00;2023;1;7673;7321;8025;100,0;31;31;0;3;100,0;Totalt i retning TROMSDALEN;6829;841;331;164;310;36;36;0
79743V1125914;TROMSØBRUA;FV862 S1D1 m1705;2023-01-01T00:00+01:00;2023-02-01T00:00+01:00;2023;1;7746;7436;8056;100,0;31;31;0;10;99,9;Totalt i retning TROMSØYA;7230;506;113;100;281;12;11;1
79743V1125914;TROMSØBRUA;FV862 S1D1 m1705;2023-01-01T00:00+01:00;2023-02-01T00:00+01:00;2023;1;15419;14763;16075;100,0;31;31;0;13;99,9;Totalt;14058;1347;444;265;591;48;47;1
79743V1125914;TROMSØBRUA;FV862 S1D1 m1705;2023-02-01T00:00+01:00;2023-03-01T00:00+01:00;2023;2;8290;7937;8643;100,0;28;28;0;12;99,9;1;7727;551;127;114;297;13;12;1
79743V1125914;TROMSØBRUA;FV862 S1D1 m1705;2023-02-01T00:00+01:00;2023-03-01T00:00+01:00;2023;2;8325;7854;8796;100,0;28;28;0;4;100,0;2;7394;927;367;180;330;51;50;1
79743V1125914;TROMSØBRUA;FV862 S1D1 m1705;2023-02-01T00:00+01:00;2023-03-01T00:00+01:00;2023;2;8350;7889;8811;100,0;28;28;0;3;100,0;Totalt i retning TROMSDALEN;7416;931;369;181;331;51;50;1
79743V1125914;TROMSØBRUA;FV862 S1D1 m1705;2023-02-01T00:00+01:00;2023-03-01T00:00+01:00;2023;2;8264;7901;8627;100,0;28;28;0;12;99,9;Totalt i retning TROMSØYA;7705;547;125;113;296;13;12;1
79743V1125914;TROMSØBRUA;FV862 S1D1 m1705;2023-02-01T00:00+01:00;2023-03-01T00:00+01:00;2023;2;16614;15809;17419;100,0;28;28;0;15;99,9;Totalt;15121;1478;494;294;627;63;61;2
79743V1125914;TROMSØBRUA;FV862 S1D1 m1705;2023-03-01T00:00+01:00;2023-04-01T00:00+02:00;2023;3;8412;8104;8720;100,0;31;31;0;15;99,8;1;7833;564;129;117;303;15;14;1
79743V1125914;TROMSØBRUA;FV862 S1D1 m1705;2023-03-01T00:00+01:00;2023-04-01T00:00+02:00;2023;3;8327;7979;8675;100,0;31;31;0;9;99,9;2;7417;901;360;172;325;43;43;0
79743V1125914;TROMSØBRUA;FV862 S1D1 m1705;2023-03-01T00:00+01:00;2023-04-01T00:00+02:00;2023;3;8332;7984;8680;100,0;31;31;0;8;99,9;Totalt i retning TROMSDALEN;7419;905;362;173;326;43;43;0
79743V1125914;TROMSØBRUA;FV862 S1D1 m1705;2023-03-01T00:00+01:00;2023-04-01T00:00+02:00;2023;3;8406;8098;8714;100,0;31;31;0;15;99,8;Totalt i retning TROMSØYA;7831;560;127;116;303;15;14;1
79743V1125914;TROMSØBRUA;FV862 S1D1 m1705;2023-03-01T00:00+01:00;2023-04-01T00:00+02:00;2023;3;16739;16091;17387;100,0;31;31;0;24;99,9;Totalt;15250;1465;489;289;629;59;57;2
79743V1125914;TROMSØBRUA;FV862 S1D1 m1705;2023-04-01T00:00+02:00;2023-05-01T00:00+02:00;2023;4;8022;7432;8612;100,0;30;30;0;11;99,9;1;7542;469;109;100;247;11;11;0
79743V1125914;TROMSØBRUA;FV862 S1D1 m1705;2023-04-01T00:00+02:00;2023-05-01T00:00+02:00;2023;4;7917;7302;8532;100,0;30;30;0;3;100,0;2;7151;763;317;145;260;41;41;0
79743V1125914;TROMSØBRUA;FV862 S1D1 m1705;2023-04-01T00:00+02:00;2023-05-01T00:00+02:00;2023;4;7923;7307;8539;100,0;30;30;0;3;100,0;Totalt i retning TROMSDALEN;7153;767;318;147;260;41;41;0
79743V1125914;TROMSØBRUA;FV862 S1D1 m1705;2023-04-01T00:00+02:00;2023-05-01T00:00+02:00;2023;4;8016;7427;8605;100,0;30;30;0;11;99,9;Totalt i retning TROMSØYA;7540;465;108;99;247;11;11;0
79743V1125914;TROMSØBRUA;FV862 S1D1 m1705;2023-04-01T00:00+02:00;2023-05-01T00:00+02:00;2023;4;15939;14755;17123;100,0;30;30;0;14;99,9;Totalt;14693;1232;426;246;508;53;52;1
80998V1125915;HANSJORDNESTUNNELEN;FV862 S1D1 m2411;2023-01-01T00:00+01:00;2023-02-01T00:00+01:00;2023;1;4825;4493;5157;99,9;31;31;0;1;100,0;1;4469;355;145;112;73;25;25;0
80998V1125915;HANSJORDNESTUNNELEN;FV862 S1D1 m2411;2023-01-01T00:00+01:00;2023-02-01T00:00+01:00;2023;1;649;551;747;99,9;31;31;0;0;100,0;2;620;29;16;11;1;1;1;0
80998V1125915;HANSJORDNESTUNNELEN;FV862 S1D1 m2411;2023-01-01T00:00+01:00;2023-02-01T00:00+01:00;2023;1;3640;3374;3906;99,9;31;31;0;5;99,9;4;3345;291;116;87;71;17;17;0
80998V1125915;HANSJORDNESTUNNELEN;FV862 S1D1 m2411;2023-01-01T00:00+01:00;2023-02-01T00:00+01:00;2023;1;4288;3943;4633;99,9;31;31;0;5;99,9;Totalt i retning HANSJORDNESBUKTA;3964;319;132;98;72;18;18;0
80998V1125915;HANSJORDNESTUNNELEN;FV862 S1D1 m2411;2023-01-01T00:00+01:00;2023-02-01T00:00+01:00;2023;1;4826;4494;5158;99,9;31;31;0;1;100,0;Totalt i retning LANGNESTUNNELEN;4469;355;145;112;73;25;25;0
80998V1125915;HANSJORDNESTUNNELEN;FV862 S1D1 m2411;2023-01-01T00:00+01:00;2023-02-01T00:00+01:00;2023;1;9114;8440;9788;99,9;31;31;0;6;99,9;Totalt;8433;674;277;210;145;42;42;0
80998V1125915;HANSJORDNESTUNNELEN;FV862 S1D1 m2411;2023-02-01T00:00+01:00;2023-03-01T00:00+01:00;2023;2;4991;4655;5327;99,5;28;28;0;1;100,0;1;4619;371;151;115;76;28;28;0
80998V1125915;HANSJORDNESTUNNELEN;FV862 S1D1 m2411;2023-02-01T00:00+01:00;2023-03-01T00:00+01:00;2023;2;662;579;745;99,5;28;28;0;1;99,8;2;630;30;16;12;1;1;1;0
80998V1125915;HANSJORDNESTUNNELEN;FV862 S1D1 m2411;2023-02-01T00:00+01:00;2023-03-01T00:00+01:00;2023;2;3852;3573;4131;99,5;28;28;0;13;99,7;4;3537;302;117;90;74;21;21;0
80998V1125915;HANSJORDNESTUNNELEN;FV862 S1D1 m2411;2023-02-01T00:00+01:00;2023-03-01T00:00+01:00;2023;2;4513;4161;4865;99,5;28;28;0;13;99,7;Totalt i retning HANSJORDNESBUKTA;4167;332;133;102;75;22;22;0
80998V1125915;HANSJORDNESTUNNELEN;FV862 S1D1 m2411;2023-02-01T00:00+01:00;2023-03-01T00:00+01:00;2023;2;4992;4656;5328;99,5;28;28;0;1;100,0;Totalt i retning LANGNESTUNNELEN;4620;371;151;116;76;28;28;0
80998V1125915;HANSJORDNESTUNNELEN;FV862 S1D1 m2411;2023-02-01T00:00+01:00;2023-03-01T00:00+01:00;2023;2;9505;8822;10188;99,5;28;28;0;15;99,8;Totalt;8787;703;285;218;151;50;50;0
80998V1125915;HANSJORDNESTUNNELEN;FV862 S1D1 m2411;2023-03-01T00:00+01:00;2023-04-01T00:00+02:00;2023;3;5229;4893;5565;93,0;31;29;2;0;100,0;1;4825;404;153;131;88;31;31;0
80998V1125915;HANSJORDNESTUNNELEN;FV862 S1D1 m2411;2023-03-01T00:00+01:00;2023-04-01T00:00+02:00;2023;3;1310;1127;1493;93,0;31;29;2;1;99,9;2;1244;65;26;35;2;1;1;0
80998V1125915;HANSJORDNESTUNNELEN;FV862 S1D1 m2411;2023-03-01T00:00+01:00;2023-04-01T00:00+02:00;2023;3;3694;3286;4102;93,0;31;29;2;48;98,7;4;3371;276;111;86;62;16;16;0
80998V1125915;HANSJORDNESTUNNELEN;FV862 S1D1 m2411;2023-03-01T00:00+01:00;2023-04-01T00:00+02:00;2023;3;4974;4480;5468;93,0;31;29;2;29;99,4;Totalt i retning HANSJORDNESBUKTA;4610;335;136;119;64;16;16;0
80998V1125915;HANSJORDNESTUNNELEN;FV862 S1D1 m2411;2023-03-01T00:00+01:00;2023-04-01T00:00+02:00;2023;3;5260;4912;5608;93,0;31;29;2;21;99,6;Totalt i retning LANGNESTUNNELEN;4830;409;155;133;89;32;32;0
80998V1125915;HANSJORDNESTUNNELEN;FV862 S1D1 m2411;2023-03-01T00:00+01:00;2023-04-01T00:00+02:00;2023;3;10233;9428;11038;93,0;31;29;2;49;99,5;Totalt;9440;744;291;252;152;50;49;1
80998V1125915;HANSJORDNESTUNNELEN;FV862 S1D1 m2411;2023-04-01T00:00+02:00;2023-05-01T00:00+02:00;2023;4;4645;4186;5104;99,8;30;30;0;0;100,0;1;4354;291;120;93;53;26;26;0
80998V1125915;HANSJORDNESTUNNELEN;FV862 S1D1 m2411;2023-04-01T00:00+02:00;2023-05-01T00:00+02:00;2023;4;1344;1180;1508;99,8;30;30;0;1;99,9;2;1309;34;16;15;2;1;1;0
80998V1125915;HANSJORDNESTUNNELEN;FV862 S1D1 m2411;2023-04-01T00:00+02:00;2023-05-01T00:00+02:00;2023;4;3636;3264;4008;99,8;30;30;0;0;100,0;4;3398;237;95;76;50;16;16;0
80998V1125915;HANSJORDNESTUNNELEN;FV862 S1D1 m2411;2023-04-01T00:00+02:00;2023-05-01T00:00+02:00;2023;4;4979;4454;5504;99,8;30;30;0;1;100,0;Totalt i retning HANSJORDNESBUKTA;4706;271;111;91;52;17;17;0
80998V1125915;HANSJORDNESTUNNELEN;FV862 S1D1 m2411;2023-04-01T00:00+02:00;2023-05-01T00:00+02:00;2023;4;4646;4187;5105;99,8;30;30;0;0;100,0;Totalt i retning LANGNESTUNNELEN;4354;292;120;93;53;26;26;0
80998V1125915;HANSJORDNESTUNNELEN;FV862 S1D1 m2411;2023-04-01T00:00+02:00;2023-05-01T00:00+02:00;2023;4;9625;8648;10602;99,8;30;30;0;1;100,0;Totalt;9060;563;231;184;105;43;43;0
82998V1125914;Tromsøbrua avkjøring;FV862 S1D1 m1780;2023-01-01T00:00+01:00;2023-02-01T00:00+01:00;2023;1;4715;4474;4956;100,0;31;31;0;11;99,8;1;4387;317;142;106;26;44;43;1
82998V1125914;Tromsøbrua avkjøring;FV862 S1D1 m1780;2023-01-01T00:00+01:00;2023-02-01T00:00+01:00;2023;1;4459;4247;4671;100,0;31;31;0;517;88,4;2;3316;626;199;141;180;106;86;20
82998V1125914;Tromsøbrua avkjøring;FV862 S1D1 m1780;2023-01-01T00:00+01:00;2023-02-01T00:00+01:00;2023;1;4448;4237;4659;100,0;31;31;0;513;88,5;Totalt i retning Tromsdalen;3316;619;198;138;178;105;85;20
82998V1125914;Tromsøbrua avkjøring;FV862 S1D1 m1780;2023-01-01T00:00+01:00;2023-02-01T00:00+01:00;2023;1;4726;4483;4969;100,0;31;31;0;14;99,7;Totalt i retning Tromsøya;4387;324;142;110;28;45;44;1
82998V1125914;Tromsøbrua avkjøring;FV862 S1D1 m1780;2023-01-01T00:00+01:00;2023-02-01T00:00+01:00;2023;1;9174;8728;9620;100,0;31;31;0;528;94,2;Totalt;7703;943;341;247;206;149;128;21
82998V1125914;Tromsøbrua avkjøring;FV862 S1D1 m1780;2023-02-01T00:00+01:00;2023-03-01T00:00+01:00;2023;2;5068;4806;5330;100,0;28;28;0;11;99,8;1;4712;345;147;114;34;51;50;1
82998V1125914;Tromsøbrua avkjøring;FV862 S1D1 m1780;2023-02-01T00:00+01:00;2023-03-01T00:00+01:00;2023;2;4806;4530;5082;100,0;28;28;0;603;87,5;2;3538;665;211;148;181;125;99;26
82998V1125914;Tromsøbrua avkjøring;FV862 S1D1 m1780;2023-02-01T00:00+01:00;2023-03-01T00:00+01:00;2023;2;4794;4519;5069;100,0;28;28;0;598;87,5;Totalt i retning Tromsdalen;3537;658;210;145;179;124;98;26
82998V1125914;Tromsøbrua avkjøring;FV862 S1D1 m1780;2023-02-01T00:00+01:00;2023-03-01T00:00+01:00;2023;2;5080;4817;5343;100,0;28;28;0;16;99,7;Totalt i retning Tromsøya;4712;352;147;118;36;51;50;1
82998V1125914;Tromsøbrua avkjøring;FV862 S1D1 m1780;2023-02-01T00:00+01:00;2023-03-01T00:00+01:00;2023;2;9874;9351;10397;100,0;28;28;0;615;93,8;Totalt;8249;1010;358;262;215;176;149;27
82998V1125914;Tromsøbrua avkjøring;FV862 S1D1 m1780;2023-03-01T00:00+01:00;2023-04-01T00:00+02:00;2023;3;5239;5016;5462;100,0;31;31;0;18;99,7;1;4872;349;142;120;34;52;51;1
82998V1125914;Tromsøbrua avkjøring;FV862 S1D1 m1780;2023-03-01T00:00+01:00;2023-04-01T00:00+02:00;2023;3;4897;4693;5101;100,0;31;31;0;650;86,7;2;3578;669;202;147;194;125;100;25
82998V1125914;Tromsøbrua avkjøring;FV862 S1D1 m1780;2023-03-01T00:00+01:00;2023-04-01T00:00+02:00;2023;3;4880;4678;5082;100,0;31;31;0;644;86,8;Totalt i retning Tromsdalen;3577;659;201;143;192;123;99;24
82998V1125914;Tromsøbrua avkjøring;FV862 S1D1 m1780;2023-03-01T00:00+01:00;2023-04-01T00:00+02:00;2023;3;5256;5031;5481;100,0;31;31;0;24;99,5;Totalt i retning Tromsøya;4873;359;143;125;37;55;53;2
82998V1125914;Tromsøbrua avkjøring;FV862 S1D1 m1780;2023-03-01T00:00+01:00;2023-04-01T00:00+02:00;2023;3;10136;9717;10555;100,0;31;31;0;668;93,4;Totalt;8450;1017;344;267;228;177;151;26
82998V1125914;Tromsøbrua avkjøring;FV862 S1D1 m1780;2023-04-01T00:00+02:00;2023-05-01T00:00+02:00;2023;4;5085;4681;5489;100,0;30;30;0;10;99,8;1;4783;292;120;106;27;40;39;1
82998V1125914;Tromsøbrua avkjøring;FV862 S1D1 m1780;2023-04-01T00:00+02:00;2023-05-01T00:00+02:00;2023;4;4717;4376;5058;100,0;30;30;0;469;90,1;2;3614;634;202;141;171;121;96;25
82998V1125914;Tromsøbrua avkjøring;FV862 S1D1 m1780;2023-04-01T00:00+02:00;2023-05-01T00:00+02:00;2023;4;4709;4369;5049;100,0;30;30;0;465;90,1;Totalt i retning Tromsdalen;3614;630;201;139;169;121;96;25
82998V1125914;Tromsøbrua avkjøring;FV862 S1D1 m1780;2023-04-01T00:00+02:00;2023-05-01T00:00+02:00;2023;4;5093;4688;5498;100,0;30;30;0;14;99,7;Totalt i retning Tromsøya;4783;296;121;108;28;40;39;1
82998V1125914;Tromsøbrua avkjøring;FV862 S1D1 m1780;2023-04-01T00:00+02:00;2023-05-01T00:00+02:00;2023;4;9802;9077;10527;100,0;30;30;0;478;95,1;Totalt;8397;927;322;247;197;161;135;26